{
  "metadata": {
    "timestamp": "2025-08-18T04:16:47.546854",
    "interpreter": "cpython 3.13",
    "platform": "Windows-11-10.0.26100-SP0",
    "cpu_cores": 12,
    "total_memory_gb": 31.9146728515625,
    "has_tracemalloc": true,
    "has_phicode_engine": true
  },
  "benchmarks": {
    "basic_performance": {
      "cpu_intensive": {
        "avg_time_s": 0.23891430002792427,
        "min_time_s": 0.23499850003281608,
        "max_time_s": 0.24276270001428202,
        "std_time_s": 0.0038825387839574225,
        "avg_memory_mb": 0.00016021728515625,
        "max_memory_mb": 0.00016021728515625,
        "runs": 3,
        "raw_times": [
          0.23499850003281608,
          0.23898170003667474,
          0.24276270001428202
        ],
        "raw_memory": [
          0.00016021728515625,
          0.00016021728515625,
          0.00016021728515625
        ]
      },
      "memory_intensive": {
        "avg_time_s": 11.876724799978547,
        "min_time_s": 11.640635199961253,
        "max_time_s": 12.036027800000738,
        "std_time_s": 0.20858083204264513,
        "avg_memory_mb": 771.6092224121094,
        "max_memory_mb": 771.6092224121094,
        "runs": 3,
        "raw_times": [
          12.036027800000738,
          11.95351139997365,
          11.640635199961253
        ],
        "raw_memory": [
          771.6092224121094,
          771.6092224121094,
          771.6092224121094
        ]
      },
      "io_intensive": {
        "avg_time_s": 0.004921600009159495,
        "min_time_s": 0.004000100016128272,
        "max_time_s": 0.005695500003639609,
        "std_time_s": 0.0008572832665417983,
        "avg_memory_mb": 7.642026265462239,
        "max_memory_mb": 7.644292831420898,
        "runs": 3,
        "raw_times": [
          0.005069200007710606,
          0.004000100016128272,
          0.005695500003639609
        ],
        "raw_memory": [
          7.644292831420898,
          7.640900611877441,
          7.640885353088379
        ]
      }
    },
    "transpilation": {
      "small": {
        "source_length": 102,
        "avg_time_ms": 0.15354000497609377,
        "chars_per_second": 664321.9792514754,
        "runs": 5,
        "raw_times": [
          0.0007101999945007265,
          1.6700010746717453e-05,
          1.4099990949034691e-05,
          1.3399985618889332e-05,
          1.3300043065100908e-05
        ]
      },
      "medium": {
        "source_length": 1020,
        "avg_time_ms": 0.1246000174432993,
        "chars_per_second": 8186194.680624045,
        "runs": 5,
        "raw_times": [
          0.00013780000153928995,
          0.00013070000568404794,
          0.00011960003757849336,
          0.00011720001930370927,
          0.00011770002311095595
        ]
      },
      "large": {
        "source_length": 5086,
        "avg_time_ms": 0.5652999971061945,
        "chars_per_second": 8996992.79327003,
        "runs": 5,
        "raw_times": [
          0.0006351000047288835,
          0.0005813000025227666,
          0.0005756000173278153,
          0.0005185999907553196,
          0.0005158999701961875
        ]
      }
    },
    "cache": {
      "cache_miss_ms": 0.05878000520169735,
      "cache_hit_ms": 0.004079996142536402,
      "speedup_ratio": 14.406877641103778,
      "cache_efficiency": 0.9305887073582875
    }
  }
}